id,movie,studio,days.in.theatres,daily.gross,gross.to.date,theatres,date,url
hobbit3,The Hobbit: The Battle of the Five Armies,WB (NL),16,9320601,198869927,"3,875",2015-01-01,http://www.boxofficemojo.com/movies/?page=daily&id=hobbit3.htm
intothewoods,Into the Woods,BV,8,8081110,72143214,"2,507",2015-01-01,http://www.boxofficemojo.com/movies/?page=daily&id=intothewoods.htm
unbroken,Unbroken,Uni.,8,6953045,69481655,"3,167",2015-01-01,http://www.boxofficemojo.com/movies/?page=daily&id=unbroken.htm
nightatthemuseum3,Night at the Museum: Secret of the Tomb,Fox,14,5974323,75328905,"3,914",2015-01-01,http://www.boxofficemojo.com/movies/?page=daily&id=nightatthemuseum3.htm
annie2014,Annie (2014),Sony,14,4257057,61208977,"3,197",2015-01-01,http://www.boxofficemojo.com/movies/?page=daily&id=annie2014.htm
hungergames3,The Hunger Games: Mockingjay - Part 1,LGF,42,2891634,316174548,"2,793",2015-01-01,http://www.boxofficemojo.com/movies/?page=daily&id=hungergames3.htm
imitationgame,The Imitation Game,Wein.,35,2763044,22699563,747,2015-01-01,http://www.boxofficemojo.com/movies/?page=daily&id=imitationgame.htm
gambler,The Gambler,Par.,8,2388296,21269152,"2,478",2015-01-01,http://www.boxofficemojo.com/movies/?page=daily&id=gambler.htm
disney2014,Big Hero 6,BV,56,1875566,206452220,"2,065",2015-01-01,http://www.boxofficemojo.com/movies/?page=daily&id=disney2014.htm
exodus,Exodus: Gods and Kings,Fox,21,1797952,57525292,"3,002",2015-01-01,http://www.boxofficemojo.com/movies/?page=daily&id=exodus.htm
wild2014,Wild (2014),FoxS,30,1574164,21316811,"1,285",2015-01-01,http://www.boxofficemojo.com/movies/?page=daily&id=wild2014.htm
penguinsofmadagascar,Penguins of Madagascar,Fox,37,1192791,75221013,"2,033",2015-01-01,http://www.boxofficemojo.com/movies/?page=daily&id=penguinsofmadagascar.htm
bigeyes,Big Eyes,Wein.,8,986321,7313999,"1,307",2015-01-01,http://www.boxofficemojo.com/movies/?page=daily&id=bigeyes.htm
interstellar,Interstellar,Par.,58,954128,180342023,"1,253",2015-01-01,http://www.boxofficemojo.com/movies/?page=daily&id=interstellar.htm
topfive,Top Five,Par.,21,892856,21600464,"1,426",2015-01-01,http://www.boxofficemojo.com/movies/?page=daily&id=topfive.htm
pk,P.K.,UTV,14,480304,9149300,264,2015-01-01,http://www.boxofficemojo.com/movies/?page=daily&id=pk.htm
theoryofeverything,The Theory of Everything,Focus,56,432219,23666019,736,2015-01-01,http://www.boxofficemojo.com/movies/?page=daily&id=theoryofeverything.htm
horriblebosses2,Horrible Bosses 2,WB,37,389425,52134850,"1,002",2015-01-01,http://www.boxofficemojo.com/movies/?page=daily&id=horriblebosses2.htm
interview2014,The Interview (2014),Sony,8,322433,3875211,361,2015-01-01,http://www.boxofficemojo.com/movies/?page=daily&id=interview2014.htm
birdman,Birdman,FoxS,77,290941,24563986,292,2015-01-01,http://www.boxofficemojo.com/movies/?page=daily&id=birdman.htm
selma,Selma,Par.,8,231293,1435280,22,2015-01-01,http://www.boxofficemojo.com/movies/?page=daily&id=selma.htm
americansniper,American Sniper,WB,8,223080,1552379,4,2015-01-01,http://www.boxofficemojo.com/movies/?page=daily&id=americansniper.htm
gonegirl,Gone Girl,Fox,91,132573,166330156,269,2015-01-01,http://www.boxofficemojo.com/movies/?page=daily&id=gonegirl.htm
dumberto,Dumb and Dumber To,Uni.,49,116230,85083095,394,2015-01-01,http://www.boxofficemojo.com/movies/?page=daily&id=dumberto.htm
stvincent,St. Vincent,Wein.,84,99653,43244930,497,2015-01-01,http://www.boxofficemojo.com/movies/?page=daily&id=stvincent.htm
inherentvice,Inherent Vice,WB,21,94666,1211585,16,2015-01-01,http://www.boxofficemojo.com/movies/?page=daily&id=inherentvice.htm
fury2014,Fury (2014),Sony,77,71430,85315769,250,2015-01-01,http://www.boxofficemojo.com/movies/?page=daily&id=fury2014.htm
bookoflife14,The Book of Life (2014),Fox,77,67338,49390438,148,2015-01-01,http://www.boxofficemojo.com/movies/?page=daily&id=bookoflife14.htm
nightcrawlers,Nightcrawler,ORF,63,40265,31865412,105,2015-01-01,http://www.boxofficemojo.com/movies/?page=daily&id=nightcrawlers.htm
mazerunner,The Maze Runner,Fox,105,39065,102143256,137,2015-01-01,http://www.boxofficemojo.com/movies/?page=daily&id=mazerunner.htm
laika2014,The Boxtrolls,Focus,98,31649,50534804,143,2015-01-01,http://www.boxofficemojo.com/movies/?page=daily&id=laika2014.htm
johnwick,John Wick,LG/S,70,27877,42848309,137,2015-01-01,http://www.boxofficemojo.com/movies/?page=daily&id=johnwick.htm
homesman,The Homesman,Saban,49,19789,2218445,61,2015-01-01,http://www.boxofficemojo.com/movies/?page=daily&id=homesman.htm
citizenfour,Citizenfour,RTWC,70,19600,2200063,40,2015-01-01,http://www.boxofficemojo.com/movies/?page=daily&id=citizenfour.htm
judge,The Judge,WB,84,15510,47018751,76,2015-01-01,http://www.boxofficemojo.com/movies/?page=daily&id=judge.htm
bestofme,The Best of Me,Rela.,77,9995,26713577,55,2015-01-01,http://www.boxofficemojo.com/movies/?page=daily&id=bestofme.htm
islandoflemurs,Island of Lemurs: Madagascar (IMAX),WB,273,8505,8447240,40,2015-01-01,http://www.boxofficemojo.com/movies/?page=daily&id=islandoflemurs.htm
blackbird,Beyond the Lights,Rela.,49,7296,14544931,34,2015-01-01,http://www.boxofficemojo.com/movies/?page=daily&id=blackbird.htm
goodlie,The Good Lie,WB,91,5080,2707331,20,2015-01-01,http://www.boxofficemojo.com/movies/?page=daily&id=goodlie.htm
songofthesea,Song of the Sea,GK,14,4800,57232,2,2015-01-01,http://www.boxofficemojo.com/movies/?page=daily&id=songofthesea.htm
pyramid,The Pyramid,Fox,28,4442,2697361,27,2015-01-01,http://www.boxofficemojo.com/movies/?page=daily&id=pyramid.htm
rosewater,Rosewater,ORF,49,3196,3128941,15,2015-01-01,http://www.boxofficemojo.com/movies/?page=daily&id=rosewater.htm
meetthemormons,Meet the Mormons,Purd.,84,3066,6021912,10,2015-01-01,http://www.boxofficemojo.com/movies/?page=daily&id=meetthemormons.htm
mommy,Mommy,RAtt.,105,2777,3301057,4,2015-01-01,http://www.boxofficemojo.com/movies/?page=daily&id=mommy.htm
princesskaguya,The Tale of The Princess Kaguya,GK,77,1934,580460,8,2015-01-01,http://www.boxofficemojo.com/movies/?page=daily&id=princesskaguya.htm
dearwhitepeople,Dear White People,RAtt.,77,1124,4371827,7,2015-01-01,http://www.boxofficemojo.com/movies/?page=daily&id=dearwhitepeople.htm
elsaandfred2014,Elsa & Fred (2014),MNE,56,357,285863,2,2015-01-01,http://www.boxofficemojo.com/movies/?page=daily&id=elsaandfred2014.htm
kingandthemockingbird,The King and the Mockingbird,Rialto,42,253,25422,2,2015-01-01,http://www.boxofficemojo.com/movies/?page=daily&id=kingandthemockingbird.htm
hobbit3,The Hobbit: The Battle of the Five Armies,WB (NL),17,8301199,207171126,"3,875",2015-01-02,http://www.boxofficemojo.com/movies/?page=daily&id=hobbit3.htm
womaninblack2,The Woman in Black 2: Angel of Death,Rela.,1,7746085,7746085,"2,602",2015-01-02,http://www.boxofficemojo.com/movies/?page=daily&id=womaninblack2.htm
intothewoods,Into the Woods,BV,9,7434271,79577485,"2,538",2015-01-02,http://www.boxofficemojo.com/movies/?page=daily&id=intothewoods.htm
unbroken,Unbroken,Uni.,9,7386425,76868080,"3,190",2015-01-02,http://www.boxofficemojo.com/movies/?page=daily&id=unbroken.htm
nightatthemuseum3,Night at the Museum: Secret of the Tomb,Fox,15,5902061,81230966,"3,802",2015-01-02,http://www.boxofficemojo.com/movies/?page=daily&id=nightatthemuseum3.htm
annie2014,Annie (2014),Sony,15,4551393,65760370,"3,166",2015-01-02,http://www.boxofficemojo.com/movies/?page=daily&id=annie2014.htm
hungergames3,The Hunger Games: Mockingjay - Part 1,LGF,43,2985625,319160173,"2,505",2015-01-02,http://www.boxofficemojo.com/movies/?page=daily&id=hungergames3.htm
imitationgame,The Imitation Game,Wein.,36,2955644,25655207,754,2015-01-02,http://www.boxofficemojo.com/movies/?page=daily&id=imitationgame.htm
gambler,The Gambler,Par.,9,2575454,23844606,"2,494",2015-01-02,http://www.boxofficemojo.com/movies/?page=daily&id=gambler.htm
disney2014,Big Hero 6,BV,57,1864625,208316845,"1,913",2015-01-02,http://www.boxofficemojo.com/movies/?page=daily&id=disney2014.htm
wild2014,Wild (2014),FoxS,31,1694996,23011807,"1,361",2015-01-02,http://www.boxofficemojo.com/movies/?page=daily&id=wild2014.htm
exodus,Exodus: Gods and Kings,Fox,22,1416044,58941336,"2,260",2015-01-02,http://www.boxofficemojo.com/movies/?page=daily&id=exodus.htm
penguinsofmadagascar,Penguins of Madagascar,Fox,38,1135493,76356506,"1,585",2015-01-02,http://www.boxofficemojo.com/movies/?page=daily&id=penguinsofmadagascar.htm
bigeyes,Big Eyes,Wein.,9,957544,8271543,"1,408",2015-01-02,http://www.boxofficemojo.com/movies/?page=daily&id=bigeyes.htm
interstellar,Interstellar,Par.,59,952015,181294038,"1,048",2015-01-02,http://www.boxofficemojo.com/movies/?page=daily&id=interstellar.htm
topfive,Top Five,Par.,22,884948,22485412,"1,195",2015-01-02,http://www.boxofficemojo.com/movies/?page=daily&id=topfive.htm
interview2014,The Interview (2014),Sony,9,439877,4315088,581,2015-01-02,http://www.boxofficemojo.com/movies/?page=daily&id=interview2014.htm
theoryofeverything,The Theory of Everything,Focus,57,409186,24075205,651,2015-01-02,http://www.boxofficemojo.com/movies/?page=daily&id=theoryofeverything.htm
horriblebosses2,Horrible Bosses 2,WB,38,377431,52512281,702,2015-01-02,http://www.boxofficemojo.com/movies/?page=daily&id=horriblebosses2.htm
birdman,Birdman,FoxS,78,319494,24883480,282,2015-01-02,http://www.boxofficemojo.com/movies/?page=daily&id=birdman.htm
pk,P.K.,UTV,15,272496,9421796,221,2015-01-02,http://www.boxofficemojo.com/movies/?page=daily&id=pk.htm
americansniper,American Sniper,WB,9,233719,1786098,4,2015-01-02,http://www.boxofficemojo.com/movies/?page=daily&id=americansniper.htm
selma,Selma,Par.,9,226661,1661941,22,2015-01-02,http://www.boxofficemojo.com/movies/?page=daily&id=selma.htm
gonegirl,Gone Girl,Fox,92,155178,166485334,279,2015-01-02,http://www.boxofficemojo.com/movies/?page=daily&id=gonegirl.htm
dumberto,Dumb and Dumber To,Uni.,50,119160,85202255,331,2015-01-02,http://www.boxofficemojo.com/movies/?page=daily&id=dumberto.htm
inherentvice,Inherent Vice,WB,22,86026,1297611,16,2015-01-02,http://www.boxofficemojo.com/movies/?page=daily&id=inherentvice.htm
stvincent,St. Vincent,Wein.,85,86004,43330934,402,2015-01-02,http://www.boxofficemojo.com/movies/?page=daily&id=stvincent.htm
fury2014,Fury (2014),Sony,78,72628,85388397,232,2015-01-02,http://www.boxofficemojo.com/movies/?page=daily&id=fury2014.htm
bookoflife14,The Book of Life (2014),Fox,78,58239,49448677,134,2015-01-02,http://www.boxofficemojo.com/movies/?page=daily&id=bookoflife14.htm
equalizer,The Equalizer,Sony,99,45146,101362220,148,2015-01-02,http://www.boxofficemojo.com/movies/?page=daily&id=equalizer.htm
nightcrawlers,Nightcrawler,ORF,64,42751,31908163,105,2015-01-02,http://www.boxofficemojo.com/movies/?page=daily&id=nightcrawlers.htm
mazerunner,The Maze Runner,Fox,106,37439,102180695,118,2015-01-02,http://www.boxofficemojo.com/movies/?page=daily&id=mazerunner.htm
laika2014,The Boxtrolls,Focus,99,30654,50565458,132,2015-01-02,http://www.boxofficemojo.com/movies/?page=daily&id=laika2014.htm
johnwick,John Wick,LG/S,71,28226,42876535,127,2015-01-02,http://www.boxofficemojo.com/movies/?page=daily&id=johnwick.htm
citizenfour,Citizenfour,RTWC,71,20988,2221051,49,2015-01-02,http://www.boxofficemojo.com/movies/?page=daily&id=citizenfour.htm
homesman,The Homesman,Saban,50,18219,2236664,54,2015-01-02,http://www.boxofficemojo.com/movies/?page=daily&id=homesman.htm
judge,The Judge,WB,85,16601,47035352,61,2015-01-02,http://www.boxofficemojo.com/movies/?page=daily&id=judge.htm
islandoflemurs,Island of Lemurs: Madagascar (IMAX),WB,274,13326,8460566,40,2015-01-02,http://www.boxofficemojo.com/movies/?page=daily&id=islandoflemurs.htm
bestofme,The Best of Me,Rela.,78,9852,26723429,42,2015-01-02,http://www.boxofficemojo.com/movies/?page=daily&id=bestofme.htm
blackbird,Beyond the Lights,Rela.,50,7671,14552602,23,2015-01-02,http://www.boxofficemojo.com/movies/?page=daily&id=blackbird.htm
goodlie,The Good Lie,WB,92,4241,2711572,16,2015-01-02,http://www.boxofficemojo.com/movies/?page=daily&id=goodlie.htm
pyramid,The Pyramid,Fox,29,3178,2700539,17,2015-01-02,http://www.boxofficemojo.com/movies/?page=daily&id=pyramid.htm
mommy,Mommy,RAtt.,106,2612,3303669,5,2015-01-02,http://www.boxofficemojo.com/movies/?page=daily&id=mommy.htm
songofthesea,Song of the Sea,GK,15,2501,59733,2,2015-01-02,http://www.boxofficemojo.com/movies/?page=daily&id=songofthesea.htm
meetthemormons,Meet the Mormons,Purd.,85,2297,6024209,11,2015-01-02,http://www.boxofficemojo.com/movies/?page=daily&id=meetthemormons.htm
princesskaguya,The Tale of The Princess Kaguya,GK,78,2243,582703,11,2015-01-02,http://www.boxofficemojo.com/movies/?page=daily&id=princesskaguya.htm
dearwhitepeople,Dear White People,RAtt.,78,1543,4373370,8,2015-01-02,http://www.boxofficemojo.com/movies/?page=daily&id=dearwhitepeople.htm
hiroshimamonamour,Hiroshima Mon Amour (2014 re-release),Rialto,71,137,88070,1,2015-01-02,http://www.boxofficemojo.com/movies/?page=daily&id=hiroshimamonamour.htm
hobbit3,The Hobbit: The Battle of the Five Armies,WB (NL),18,8135890,215307016,"3,875",2015-01-03,http://www.boxofficemojo.com/movies/?page=daily&id=hobbit3.htm
intothewoods,Into the Woods,BV,10,6979662,86557147,"2,538",2015-01-03,http://www.boxofficemojo.com/movies/?page=daily&id=intothewoods.htm
unbroken,Unbroken,Uni.,10,6923515,83791595,"3,190",2015-01-03,http://www.boxofficemojo.com/movies/?page=daily&id=unbroken.htm
nightatthemuseum3,Night at the Museum: Secret of the Tomb,Fox,16,5456224,86687190,"3,802",2015-01-03,http://www.boxofficemojo.com/movies/?page=daily&id=nightatthemuseum3.htm
womaninblack2,The Woman in Black 2: Angel of Death,Rela.,2,4929668,12675753,"2,602",2015-01-03,http://www.boxofficemojo.com/movies/?page=daily&id=womaninblack2.htm
annie2014,Annie (2014),Sony,16,4179615,69939985,"3,166",2015-01-03,http://www.boxofficemojo.com/movies/?page=daily&id=annie2014.htm
imitationgame,The Imitation Game,Wein.,37,3033074,28688281,754,2015-01-03,http://www.boxofficemojo.com/movies/?page=daily&id=imitationgame.htm
hungergames3,The Hunger Games: Mockingjay - Part 1,LGF,44,2894119,322054292,"2,505",2015-01-03,http://www.boxofficemojo.com/movies/?page=daily&id=hungergames3.htm
gambler,The Gambler,Par.,10,2357008,26201614,"2,494",2015-01-03,http://www.boxofficemojo.com/movies/?page=daily&id=gambler.htm
wild2014,Wild (2014),FoxS,32,1768743,24780550,"1,361",2015-01-03,http://www.boxofficemojo.com/movies/?page=daily&id=wild2014.htm
disney2014,Big Hero 6,BV,58,1752533,210069378,"1,913",2015-01-03,http://www.boxofficemojo.com/movies/?page=daily&id=disney2014.htm
exodus,Exodus: Gods and Kings,Fox,23,1471342,60412678,"2,260",2015-01-03,http://www.boxofficemojo.com/movies/?page=daily&id=exodus.htm
penguinsofmadagascar,Penguins of Madagascar,Fox,39,1055298,77411804,"1,585",2015-01-03,http://www.boxofficemojo.com/movies/?page=daily&id=penguinsofmadagascar.htm
bigeyes,Big Eyes,Wein.,10,1008068,9279611,"1,408",2015-01-03,http://www.boxofficemojo.com/movies/?page=daily&id=bigeyes.htm
interstellar,Interstellar,Par.,60,936359,182230397,"1,048",2015-01-03,http://www.boxofficemojo.com/movies/?page=daily&id=interstellar.htm
topfive,Top Five,Par.,23,817865,23303277,"1,195",2015-01-03,http://www.boxofficemojo.com/movies/?page=daily&id=topfive.htm
theoryofeverything,The Theory of Everything,Focus,58,428614,24503819,651,2015-01-03,http://www.boxofficemojo.com/movies/?page=daily&id=theoryofeverything.htm
interview2014,The Interview (2014),Sony,10,406808,4721896,581,2015-01-03,http://www.boxofficemojo.com/movies/?page=daily&id=interview2014.htm
horriblebosses2,Horrible Bosses 2,WB,39,357049,52869330,702,2015-01-03,http://www.boxofficemojo.com/movies/?page=daily&id=horriblebosses2.htm
birdman,Birdman,FoxS,79,335853,25219333,282,2015-01-03,http://www.boxofficemojo.com/movies/?page=daily&id=birdman.htm
pk,P.K.,UTV,16,286488,9708284,221,2015-01-03,http://www.boxofficemojo.com/movies/?page=daily&id=pk.htm
selma,Selma,Par.,10,247287,1909228,22,2015-01-03,http://www.boxofficemojo.com/movies/?page=daily&id=selma.htm
americansniper,American Sniper,WB,10,238862,2024960,4,2015-01-03,http://www.boxofficemojo.com/movies/?page=daily&id=americansniper.htm
gonegirl,Gone Girl,Fox,93,155189,166640523,279,2015-01-03,http://www.boxofficemojo.com/movies/?page=daily&id=gonegirl.htm
dumberto,Dumb and Dumber To,Uni.,51,125780,85328035,331,2015-01-03,http://www.boxofficemojo.com/movies/?page=daily&id=dumberto.htm
stvincent,St. Vincent,Wein.,86,96609,43427543,402,2015-01-03,http://www.boxofficemojo.com/movies/?page=daily&id=stvincent.htm
inherentvice,Inherent Vice,WB,23,93623,1391234,16,2015-01-03,http://www.boxofficemojo.com/movies/?page=daily&id=inherentvice.htm
fury2014,Fury (2014),Sony,79,74254,85462651,232,2015-01-03,http://www.boxofficemojo.com/movies/?page=daily&id=fury2014.htm
bookoflife14,The Book of Life (2014),Fox,79,68926,49517603,134,2015-01-03,http://www.boxofficemojo.com/movies/?page=daily&id=bookoflife14.htm
nightcrawlers,Nightcrawler,ORF,65,46598,31954761,105,2015-01-03,http://www.boxofficemojo.com/movies/?page=daily&id=nightcrawlers.htm
equalizer,The Equalizer,Sony,100,46407,101408627,148,2015-01-03,http://www.boxofficemojo.com/movies/?page=daily&id=equalizer.htm
mazerunner,The Maze Runner,Fox,107,39341,102220036,118,2015-01-03,http://www.boxofficemojo.com/movies/?page=daily&id=mazerunner.htm
laika2014,The Boxtrolls,Focus,100,33240,50598698,132,2015-01-03,http://www.boxofficemojo.com/movies/?page=daily&id=laika2014.htm
johnwick,John Wick,LG/S,72,29585,42906120,127,2015-01-03,http://www.boxofficemojo.com/movies/?page=daily&id=johnwick.htm
citizenfour,Citizenfour,RTWC,72,23314,2244365,49,2015-01-03,http://www.boxofficemojo.com/movies/?page=daily&id=citizenfour.htm
homesman,The Homesman,Saban,51,22788,2259452,54,2015-01-03,http://www.boxofficemojo.com/movies/?page=daily&id=homesman.htm
judge,The Judge,WB,86,19024,47054376,61,2015-01-03,http://www.boxofficemojo.com/movies/?page=daily&id=judge.htm
islandoflemurs,Island of Lemurs: Madagascar (IMAX),WB,275,12767,8473333,40,2015-01-03,http://www.boxofficemojo.com/movies/?page=daily&id=islandoflemurs.htm
bestofme,The Best of Me,Rela.,79,10529,26733958,42,2015-01-03,http://www.boxofficemojo.com/movies/?page=daily&id=bestofme.htm
blackbird,Beyond the Lights,Rela.,51,8455,14561057,23,2015-01-03,http://www.boxofficemojo.com/movies/?page=daily&id=blackbird.htm
princesskaguya,The Tale of The Princess Kaguya,GK,79,4502,587205,11,2015-01-03,http://www.boxofficemojo.com/movies/?page=daily&id=princesskaguya.htm
goodlie,The Good Lie,WB,93,4288,2715860,16,2015-01-03,http://www.boxofficemojo.com/movies/?page=daily&id=goodlie.htm
pyramid,The Pyramid,Fox,30,3761,2704300,17,2015-01-03,http://www.boxofficemojo.com/movies/?page=daily&id=pyramid.htm
mommy,Mommy,RAtt.,107,3018,3306687,5,2015-01-03,http://www.boxofficemojo.com/movies/?page=daily&id=mommy.htm
songofthesea,Song of the Sea,GK,16,2777,62510,2,2015-01-03,http://www.boxofficemojo.com/movies/?page=daily&id=songofthesea.htm
meetthemormons,Meet the Mormons,Purd.,86,2412,6026621,11,2015-01-03,http://www.boxofficemojo.com/movies/?page=daily&id=meetthemormons.htm
dearwhitepeople,Dear White People,RAtt.,79,1400,4374770,8,2015-01-03,http://www.boxofficemojo.com/movies/?page=daily&id=dearwhitepeople.htm
hiroshimamonamour,Hiroshima Mon Amour (2014 re-release),Rialto,79,142,88212,1,2015-01-03,http://www.boxofficemojo.com/movies/?page=daily&id=hiroshimamonamour.htm
hobbit3,The Hobbit: The Battle of the Five Armies,WB (NL),19,5295001,220602017,"3,875",2015-01-04,http://www.boxofficemojo.com/movies/?page=daily&id=hobbit3.htm
intothewoods,Into the Woods,BV,11,4314508,90871655,"2,538",2015-01-04,http://www.boxofficemojo.com/movies/?page=daily&id=intothewoods.htm
unbroken,Unbroken,Uni.,11,3859900,87651495,"3,190",2015-01-04,http://www.boxofficemojo.com/movies/?page=daily&id=unbroken.htm
nightatthemuseum3,Night at the Museum: Secret of the Tomb,Fox,17,3159989,89847179,"3,802",2015-01-04,http://www.boxofficemojo.com/movies/?page=daily&id=nightatthemuseum3.htm
annie2014,Annie (2014),Sony,17,2520385,72460370,"3,166",2015-01-04,http://www.boxofficemojo.com/movies/?page=daily&id=annie2014.htm
womaninblack2,The Woman in Black 2: Angel of Death,Rela.,3,2351662,15027415,"2,602",2015-01-04,http://www.boxofficemojo.com/movies/?page=daily&id=womaninblack2.htm
imitationgame,The Imitation Game,Wein.,38,1783809,30472090,754,2015-01-04,http://www.boxofficemojo.com/movies/?page=daily&id=imitationgame.htm
hungergames3,The Hunger Games: Mockingjay - Part 1,LGF,45,1680210,323734502,"2,505",2015-01-04,http://www.boxofficemojo.com/movies/?page=daily&id=hungergames3.htm
gambler,The Gambler,Par.,11,1404652,27606266,"2,494",2015-01-04,http://www.boxofficemojo.com/movies/?page=daily&id=gambler.htm
disney2014,Big Hero 6,BV,59,1137658,211207036,"1,913",2015-01-04,http://www.boxofficemojo.com/movies/?page=daily&id=disney2014.htm
wild2014,Wild (2014),FoxS,33,1100354,25880904,"1,361",2015-01-04,http://www.boxofficemojo.com/movies/?page=daily&id=wild2014.htm
exodus,Exodus: Gods and Kings,Fox,24,930257,61342935,"2,260",2015-01-04,http://www.boxofficemojo.com/movies/?page=daily&id=exodus.htm
penguinsofmadagascar,Penguins of Madagascar,Fox,40,704976,78116780,"1,585",2015-01-04,http://www.boxofficemojo.com/movies/?page=daily&id=penguinsofmadagascar.htm
bigeyes,Big Eyes,Wein.,11,644414,9924025,"1,408",2015-01-04,http://www.boxofficemojo.com/movies/?page=daily&id=bigeyes.htm
interstellar,Interstellar,Par.,61,571697,182802094,"1,048",2015-01-04,http://www.boxofficemojo.com/movies/?page=daily&id=interstellar.htm
topfive,Top Five,Par.,24,437048,23740325,"1,195",2015-01-04,http://www.boxofficemojo.com/movies/?page=daily&id=topfive.htm
theoryofeverything,The Theory of Everything,Focus,59,268531,24772350,651,2015-01-04,http://www.boxofficemojo.com/movies/?page=daily&id=theoryofeverything.htm
interview2014,The Interview (2014),Sony,11,238830,4960726,581,2015-01-04,http://www.boxofficemojo.com/movies/?page=daily&id=interview2014.htm
birdman,Birdman,FoxS,80,205235,25424568,282,2015-01-04,http://www.boxofficemojo.com/movies/?page=daily&id=birdman.htm
americansniper,American Sniper,WB,11,204328,2229288,4,2015-01-04,http://www.boxofficemojo.com/movies/?page=daily&id=americansniper.htm
horriblebosses2,Horrible Bosses 2,WB,40,194139,53063469,702,2015-01-04,http://www.boxofficemojo.com/movies/?page=daily&id=horriblebosses2.htm
pk,P.K.,UTV,17,187839,9896123,221,2015-01-04,http://www.boxofficemojo.com/movies/?page=daily&id=pk.htm
selma,Selma,Par.,11,159225,2068453,22,2015-01-04,http://www.boxofficemojo.com/movies/?page=daily&id=selma.htm
gonegirl,Gone Girl,Fox,94,86286,166726809,279,2015-01-04,http://www.boxofficemojo.com/movies/?page=daily&id=gonegirl.htm
inherentvice,Inherent Vice,WB,24,71744,1462978,16,2015-01-04,http://www.boxofficemojo.com/movies/?page=daily&id=inherentvice.htm
dumberto,Dumb and Dumber To,Uni.,52,64545,85392580,331,2015-01-04,http://www.boxofficemojo.com/movies/?page=daily&id=dumberto.htm
stvincent,St. Vincent,Wein.,87,50703,43478246,402,2015-01-04,http://www.boxofficemojo.com/movies/?page=daily&id=stvincent.htm
bookoflife14,The Book of Life (2014),Fox,80,46528,49564131,134,2015-01-04,http://www.boxofficemojo.com/movies/?page=daily&id=bookoflife14.htm
fury2014,Fury (2014),Sony,80,46447,85509098,232,2015-01-04,http://www.boxofficemojo.com/movies/?page=daily&id=fury2014.htm
nightcrawlers,Nightcrawler,ORF,66,28425,31983186,105,2015-01-04,http://www.boxofficemojo.com/movies/?page=daily&id=nightcrawlers.htm
equalizer,The Equalizer,Sony,101,27549,101436176,148,2015-01-04,http://www.boxofficemojo.com/movies/?page=daily&id=equalizer.htm
mazerunner,The Maze Runner,Fox,108,21978,102242014,118,2015-01-04,http://www.boxofficemojo.com/movies/?page=daily&id=mazerunner.htm
laika2014,The Boxtrolls,Focus,101,19973,50618671,132,2015-01-04,http://www.boxofficemojo.com/movies/?page=daily&id=laika2014.htm
johnwick,John Wick,LG/S,73,19203,42925323,127,2015-01-04,http://www.boxofficemojo.com/movies/?page=daily&id=johnwick.htm
citizenfour,Citizenfour,RTWC,73,18844,2263209,49,2015-01-04,http://www.boxofficemojo.com/movies/?page=daily&id=citizenfour.htm
homesman,The Homesman,Saban,52,13345,2272797,54,2015-01-04,http://www.boxofficemojo.com/movies/?page=daily&id=homesman.htm
islandoflemurs,Island of Lemurs: Madagascar (IMAX),WB,276,9296,8482629,40,2015-01-04,http://www.boxofficemojo.com/movies/?page=daily&id=islandoflemurs.htm
judge,The Judge,WB,87,8730,47063106,61,2015-01-04,http://www.boxofficemojo.com/movies/?page=daily&id=judge.htm
bestofme,The Best of Me,Rela.,80,5801,26739759,42,2015-01-04,http://www.boxofficemojo.com/movies/?page=daily&id=bestofme.htm
blackbird,Beyond the Lights,Rela.,52,3652,14564709,23,2015-01-04,http://www.boxofficemojo.com/movies/?page=daily&id=blackbird.htm
songofthesea,Song of the Sea,GK,17,3335,65845,2,2015-01-04,http://www.boxofficemojo.com/movies/?page=daily&id=songofthesea.htm
princesskaguya,The Tale of The Princess Kaguya,GK,80,3194,590399,11,2015-01-04,http://www.boxofficemojo.com/movies/?page=daily&id=princesskaguya.htm
pyramid,The Pyramid,Fox,31,2105,2706405,17,2015-01-04,http://www.boxofficemojo.com/movies/?page=daily&id=pyramid.htm
dearwhitepeople,Dear White People,RAtt.,80,1852,4376622,8,2015-01-04,http://www.boxofficemojo.com/movies/?page=daily&id=dearwhitepeople.htm
mommy,Mommy,RAtt.,108,1651,3308338,5,2015-01-04,http://www.boxofficemojo.com/movies/?page=daily&id=mommy.htm
goodlie,The Good Lie,WB,94,1129,2716989,16,2015-01-04,http://www.boxofficemojo.com/movies/?page=daily&id=goodlie.htm
hiroshimamonamour,Hiroshima Mon Amour (2014 re-release),Rialto,80,88,88300,1,2015-01-04,http://www.boxofficemojo.com/movies/?page=daily&id=hiroshimamonamour.htm
meetthemormons,Meet the Mormons,Purd.,87,48,6026669,11,2015-01-04,http://www.boxofficemojo.com/movies/?page=daily&id=meetthemormons.htm
hobbit3,The Hobbit: The Battle of the Five Armies,WB (NL),20,1777417,222379434,"3,875",2015-01-05,http://www.boxofficemojo.com/movies/?page=daily&id=hobbit3.htm
unbroken,Unbroken,Uni.,12,1420050,89071545,"3,190",2015-01-05,http://www.boxofficemojo.com/movies/?page=daily&id=unbroken.htm
intothewoods,Into the Woods,BV,12,1316476,92188131,"2,538",2015-01-05,http://www.boxofficemojo.com/movies/?page=daily&id=intothewoods.htm
nightatthemuseum3,Night at the Museum: Secret of the Tomb,Fox,18,932212,90779391,"3,802",2015-01-05,http://www.boxofficemojo.com/movies/?page=daily&id=nightatthemuseum3.htm
womaninblack2,The Woman in Black 2: Angel of Death,Rela.,4,778133,15805548,"2,602",2015-01-05,http://www.boxofficemojo.com/movies/?page=daily&id=womaninblack2.htm
annie2014,Annie (2014),Sony,18,734029,73194399,"3,166",2015-01-05,http://www.boxofficemojo.com/movies/?page=daily&id=annie2014.htm
imitationgame,The Imitation Game,Wein.,39,632530,31104620,754,2015-01-05,http://www.boxofficemojo.com/movies/?page=daily&id=imitationgame.htm
gambler,The Gambler,Par.,12,604857,28211123,"2,494",2015-01-05,http://www.boxofficemojo.com/movies/?page=daily&id=gambler.htm
hungergames3,The Hunger Games: Mockingjay - Part 1,LGF,46,566745,324301247,"2,505",2015-01-05,http://www.boxofficemojo.com/movies/?page=daily&id=hungergames3.htm
wild2014,Wild (2014),FoxS,34,384761,26265665,"1,361",2015-01-05,http://www.boxofficemojo.com/movies/?page=daily&id=wild2014.htm
disney2014,Big Hero 6,BV,60,354315,211561351,"1,913",2015-01-05,http://www.boxofficemojo.com/movies/?page=daily&id=disney2014.htm
exodus,Exodus: Gods and Kings,Fox,25,314801,61657736,"2,260",2015-01-05,http://www.boxofficemojo.com/movies/?page=daily&id=exodus.htm
bigeyes,Big Eyes,Wein.,12,247864,10171889,"1,408",2015-01-05,http://www.boxofficemojo.com/movies/?page=daily&id=bigeyes.htm
interstellar,Interstellar,Par.,62,225916,183028010,"1,048",2015-01-05,http://www.boxofficemojo.com/movies/?page=daily&id=interstellar.htm
penguinsofmadagascar,Penguins of Madagascar,Fox,41,208647,78325427,"1,585",2015-01-05,http://www.boxofficemojo.com/movies/?page=daily&id=penguinsofmadagascar.htm
topfive,Top Five,Par.,25,172336,23912661,"1,195",2015-01-05,http://www.boxofficemojo.com/movies/?page=daily&id=topfive.htm
interview2014,The Interview (2014),Sony,12,104198,5064924,581,2015-01-05,http://www.boxofficemojo.com/movies/?page=daily&id=interview2014.htm
americansniper,American Sniper,WB,12,100505,2329793,4,2015-01-05,http://www.boxofficemojo.com/movies/?page=daily&id=americansniper.htm
theoryofeverything,The Theory of Everything,Focus,60,98968,24871318,651,2015-01-05,http://www.boxofficemojo.com/movies/?page=daily&id=theoryofeverything.htm
horriblebosses2,Horrible Bosses 2,WB,41,95074,53158543,702,2015-01-05,http://www.boxofficemojo.com/movies/?page=daily&id=horriblebosses2.htm
birdman,Birdman,FoxS,81,74793,25499361,282,2015-01-05,http://www.boxofficemojo.com/movies/?page=daily&id=birdman.htm
selma,Selma,Par.,12,57202,2125655,22,2015-01-05,http://www.boxofficemojo.com/movies/?page=daily&id=selma.htm
pk,P.K.,UTV,18,40104,9936227,221,2015-01-05,http://www.boxofficemojo.com/movies/?page=daily&id=pk.htm
gonegirl,Gone Girl,Fox,95,33024,166759833,279,2015-01-05,http://www.boxofficemojo.com/movies/?page=daily&id=gonegirl.htm
inherentvice,Inherent Vice,WB,25,26785,1489763,16,2015-01-05,http://www.boxofficemojo.com/movies/?page=daily&id=inherentvice.htm
dumberto,Dumb and Dumber To,Uni.,53,26590,85419170,331,2015-01-05,http://www.boxofficemojo.com/movies/?page=daily&id=dumberto.htm
stvincent,St. Vincent,Wein.,88,18464,43496710,402,2015-01-05,http://www.boxofficemojo.com/movies/?page=daily&id=stvincent.htm
bookoflife14,The Book of Life (2014),Fox,81,16028,49580159,134,2015-01-05,http://www.boxofficemojo.com/movies/?page=daily&id=bookoflife14.htm
nightcrawlers,Nightcrawler,ORF,67,13076,31996262,105,2015-01-05,http://www.boxofficemojo.com/movies/?page=daily&id=nightcrawlers.htm
johnwick,John Wick,LG/S,74,9042,42934365,127,2015-01-05,http://www.boxofficemojo.com/movies/?page=daily&id=johnwick.htm
mazerunner,The Maze Runner,Fox,109,8903,102250917,118,2015-01-05,http://www.boxofficemojo.com/movies/?page=daily&id=mazerunner.htm
citizenfour,Citizenfour,RTWC,74,7753,2270962,49,2015-01-05,http://www.boxofficemojo.com/movies/?page=daily&id=citizenfour.htm
laika2014,The Boxtrolls,Focus,102,6151,50624822,132,2015-01-05,http://www.boxofficemojo.com/movies/?page=daily&id=laika2014.htm
homesman,The Homesman,Saban,53,5569,2278366,54,2015-01-05,http://www.boxofficemojo.com/movies/?page=daily&id=homesman.htm
judge,The Judge,WB,88,3266,47066372,61,2015-01-05,http://www.boxofficemojo.com/movies/?page=daily&id=judge.htm
islandoflemurs,Island of Lemurs: Madagascar (IMAX),WB,277,2250,8484879,40,2015-01-05,http://www.boxofficemojo.com/movies/?page=daily&id=islandoflemurs.htm
bestofme,The Best of Me,Rela.,81,2136,26741895,42,2015-01-05,http://www.boxofficemojo.com/movies/?page=daily&id=bestofme.htm
blackbird,Beyond the Lights,Rela.,53,1601,14566310,23,2015-01-05,http://www.boxofficemojo.com/movies/?page=daily&id=blackbird.htm
meetthemormons,Meet the Mormons,Purd.,88,1474,6028143,11,2015-01-05,http://www.boxofficemojo.com/movies/?page=daily&id=meetthemormons.htm
princesskaguya,The Tale of The Princess Kaguya,GK,81,1422,591821,11,2015-01-05,http://www.boxofficemojo.com/movies/?page=daily&id=princesskaguya.htm
goodlie,The Good Lie,WB,95,943,2717932,16,2015-01-05,http://www.boxofficemojo.com/movies/?page=daily&id=goodlie.htm
pyramid,The Pyramid,Fox,32,792,2707197,17,2015-01-05,http://www.boxofficemojo.com/movies/?page=daily&id=pyramid.htm
mommy,Mommy,RAtt.,109,703,3309041,5,2015-01-05,http://www.boxofficemojo.com/movies/?page=daily&id=mommy.htm
songofthesea,Song of the Sea,GK,18,668,66513,2,2015-01-05,http://www.boxofficemojo.com/movies/?page=daily&id=songofthesea.htm
dearwhitepeople,Dear White People,RAtt.,81,386,4377008,8,2015-01-05,http://www.boxofficemojo.com/movies/?page=daily&id=dearwhitepeople.htm
hiroshimamonamour,Hiroshima Mon Amour (2014 re-release),Rialto,81,60,88360,1,2015-01-05,http://www.boxofficemojo.com/movies/?page=daily&id=hiroshimamonamour.htm
hobbit3,The Hobbit: The Battle of the Five Armies,WB (NL),21,1929458,224308892,"3,875",2015-01-06,http://www.boxofficemojo.com/movies/?page=daily&id=hobbit3.htm
unbroken,Unbroken,Uni.,13,1658800,90730345,"3,190",2015-01-06,http://www.boxofficemojo.com/movies/?page=daily&id=unbroken.htm
intothewoods,Into the Woods,BV,13,1307951,93496082,"2,538",2015-01-06,http://www.boxofficemojo.com/movies/?page=daily&id=intothewoods.htm
nightatthemuseum3,Night at the Museum: Secret of the Tomb,Fox,19,810145,91589536,"3,802",2015-01-06,http://www.boxofficemojo.com/movies/?page=daily&id=nightatthemuseum3.htm
imitationgame,The Imitation Game,Wein.,40,793140,31897760,754,2015-01-06,http://www.boxofficemojo.com/movies/?page=daily&id=imitationgame.htm
womaninblack2,The Woman in Black 2: Angel of Death,Rela.,5,722953,16528501,"2,602",2015-01-06,http://www.boxofficemojo.com/movies/?page=daily&id=womaninblack2.htm
gambler,The Gambler,Par.,13,706446,28917569,"2,494",2015-01-06,http://www.boxofficemojo.com/movies/?page=daily&id=gambler.htm
hungergames3,The Hunger Games: Mockingjay - Part 1,LGF,47,574943,324876190,"2,505",2015-01-06,http://www.boxofficemojo.com/movies/?page=daily&id=hungergames3.htm
annie2014,Annie (2014),Sony,19,516590,73710989,"3,166",2015-01-06,http://www.boxofficemojo.com/movies/?page=daily&id=annie2014.htm
wild2014,Wild (2014),FoxS,35,484207,26749872,"1,361",2015-01-06,http://www.boxofficemojo.com/movies/?page=daily&id=wild2014.htm
exodus,Exodus: Gods and Kings,Fox,26,368766,62026502,"2,260",2015-01-06,http://www.boxofficemojo.com/movies/?page=daily&id=exodus.htm
bigeyes,Big Eyes,Wein.,13,295001,10466890,"1,408",2015-01-06,http://www.boxofficemojo.com/movies/?page=daily&id=bigeyes.htm
disney2014,Big Hero 6,BV,61,237629,211798980,"1,913",2015-01-06,http://www.boxofficemojo.com/movies/?page=daily&id=disney2014.htm
interstellar,Interstellar,Par.,63,229976,183257986,"1,048",2015-01-06,http://www.boxofficemojo.com/movies/?page=daily&id=interstellar.htm
topfive,Top Five,Par.,26,176888,24089549,"1,195",2015-01-06,http://www.boxofficemojo.com/movies/?page=daily&id=topfive.htm
penguinsofmadagascar,Penguins of Madagascar,Fox,42,124445,78449872,"1,585",2015-01-06,http://www.boxofficemojo.com/movies/?page=daily&id=penguinsofmadagascar.htm
theoryofeverything,The Theory of Everything,Focus,61,121074,24992392,651,2015-01-06,http://www.boxofficemojo.com/movies/?page=daily&id=theoryofeverything.htm
interview2014,The Interview (2014),Sony,13,108006,5172930,581,2015-01-06,http://www.boxofficemojo.com/movies/?page=daily&id=interview2014.htm
horriblebosses2,Horrible Bosses 2,WB,42,107027,53265570,702,2015-01-06,http://www.boxofficemojo.com/movies/?page=daily&id=horriblebosses2.htm
americansniper,American Sniper,WB,13,89058,2418851,4,2015-01-06,http://www.boxofficemojo.com/movies/?page=daily&id=americansniper.htm
birdman,Birdman,FoxS,82,83520,25582881,282,2015-01-06,http://www.boxofficemojo.com/movies/?page=daily&id=birdman.htm
pk,P.K.,UTV,19,69336,10005563,221,2015-01-06,http://www.boxofficemojo.com/movies/?page=daily&id=pk.htm
selma,Selma,Par.,13,52520,2178175,22,2015-01-06,http://www.boxofficemojo.com/movies/?page=daily&id=selma.htm
gonegirl,Gone Girl,Fox,96,39917,166799750,279,2015-01-06,http://www.boxofficemojo.com/movies/?page=daily&id=gonegirl.htm
inherentvice,Inherent Vice,WB,26,30360,1520123,16,2015-01-06,http://www.boxofficemojo.com/movies/?page=daily&id=inherentvice.htm
dumberto,Dumb and Dumber To,Uni.,54,24685,85443855,331,2015-01-06,http://www.boxofficemojo.com/movies/?page=daily&id=dumberto.htm
stvincent,St. Vincent,Wein.,89,22389,43519099,402,2015-01-06,http://www.boxofficemojo.com/movies/?page=daily&id=stvincent.htm
nightcrawlers,Nightcrawler,ORF,68,12814,32009076,105,2015-01-06,http://www.boxofficemojo.com/movies/?page=daily&id=nightcrawlers.htm
bookoflife14,The Book of Life (2014),Fox,82,10874,49591033,134,2015-01-06,http://www.boxofficemojo.com/movies/?page=daily&id=bookoflife14.htm
johnwick,John Wick,LG/S,75,8973,42943338,127,2015-01-06,http://www.boxofficemojo.com/movies/?page=daily&id=johnwick.htm
citizenfour,Citizenfour,RTWC,75,8768,2279730,49,2015-01-06,http://www.boxofficemojo.com/movies/?page=daily&id=citizenfour.htm
homesman,The Homesman,Saban,54,7025,2285391,54,2015-01-06,http://www.boxofficemojo.com/movies/?page=daily&id=homesman.htm
mazerunner,The Maze Runner,Fox,110,6994,102257911,118,2015-01-06,http://www.boxofficemojo.com/movies/?page=daily&id=mazerunner.htm
judge,The Judge,WB,89,4409,47070781,61,2015-01-06,http://www.boxofficemojo.com/movies/?page=daily&id=judge.htm
laika2014,The Boxtrolls,Focus,103,3780,50628602,132,2015-01-06,http://www.boxofficemojo.com/movies/?page=daily&id=laika2014.htm
bestofme,The Best of Me,Rela.,82,2507,26744402,42,2015-01-06,http://www.boxofficemojo.com/movies/?page=daily&id=bestofme.htm
islandoflemurs,Island of Lemurs: Madagascar (IMAX),WB,278,2415,8487294,40,2015-01-06,http://www.boxofficemojo.com/movies/?page=daily&id=islandoflemurs.htm
blackbird,Beyond the Lights,Rela.,54,1596,14567906,23,2015-01-06,http://www.boxofficemojo.com/movies/?page=daily&id=blackbird.htm
mommy,Mommy,RAtt.,110,1483,3310524,5,2015-01-06,http://www.boxofficemojo.com/movies/?page=daily&id=mommy.htm
goodlie,The Good Lie,WB,96,1442,2719374,16,2015-01-06,http://www.boxofficemojo.com/movies/?page=daily&id=goodlie.htm
myoldlady,My Old Lady,Cohen,119,896,4002803,6,2015-01-06,http://www.boxofficemojo.com/movies/?page=daily&id=myoldlady.htm
pyramid,The Pyramid,Fox,33,870,2708067,17,2015-01-06,http://www.boxofficemojo.com/movies/?page=daily&id=pyramid.htm
meetthemormons,Meet the Mormons,Purd.,89,735,6028878,11,2015-01-06,http://www.boxofficemojo.com/movies/?page=daily&id=meetthemormons.htm
songofthesea,Song of the Sea,GK,19,638,67151,2,2015-01-06,http://www.boxofficemojo.com/movies/?page=daily&id=songofthesea.htm
dearwhitepeople,Dear White People,RAtt.,82,579,4377587,8,2015-01-06,http://www.boxofficemojo.com/movies/?page=daily&id=dearwhitepeople.htm
princesskaguya,The Tale of The Princess Kaguya,GK,82,474,592295,11,2015-01-06,http://www.boxofficemojo.com/movies/?page=daily&id=princesskaguya.htm
hiroshimamonamour,Hiroshima Mon Amour (2014 re-release),Rialto,82,26,88386,1,2015-01-06,http://www.boxofficemojo.com/movies/?page=daily&id=hiroshimamonamour.htm
